ID,Titel,Preis,Region,Typ,Datum_entdeckt,Status
7552385,"(Nivogradnja) Dvosobni, potpuno namješten stan s balkonom, lođom i parkirnim mjestom – Dubrava310.000 €6.966 €/m2",310.000 €,Istrien,Wohnung,2026-09-22,Entfernt/Verkauft
7533764,"1.red do mora Građevinsko zemljište, Barban (Barban), 2600m21.000.000 €385 €/m2",1.000.000 €,Istrien,Wohnung,2026-09-11,Entfernt/Verkauft
7501049,2 kuće sa 17000 m2 bez neposrednih susjeda29.000 €242 €/m2,29.000 €,Istrien,Wohnung,2026-09-15,Entfernt/Verkauft
7524426,"2 kuće za adaptaciju i 7 ha zemljišta, bunar40.000 €305 €/m2",40.000 €,Istrien,Wohnung,2026-09-11,Entfernt/Verkauft
7457685,"3-soban stan 56 m², vrt 40 m², parking, Sv. Klara240.000 €3.419 €/m2",240.000 €,Istrien,Wohnung,2026-09-15,Entfernt/Verkauft
7534065,68009145 €,45 €,Istrien,Wohnung,2026-09-12,Entfernt/Verkauft
7537763,A+ samostojeća kuća s dizalicom i elektranom ~ 35e režije (prodaja)268.000 €2.978 €/m2,268.000 €,Istrien,Wohnung,2026-09-14,Entfernt/Verkauft
7542184,ADAPTIRAN STAN SA POGLEDOM NA MORE248.000 €3.355 €/m2,248.000 €,Istrien,Wohnung,2026-09-25,Entfernt/Verkauft
7525505,"Apartman 53 m2 PRODAJA Krk, Klimno, Čižići, parkirno mjesto189.500 €3.569 €/m2",189.500 €,Istrien,Wohnung,2026-09-12,Entfernt/Verkauft
7491533,"Apartman 59 m2 PRODAJA Biograd na Moru, centar, 4. kat219.000 €3.740 €/m2",219.000 €,Istrien,Wohnung,2026-09-12,Entfernt/Verkauft
7490646,"Apartman 94 m2 PRODAJA Biograd na Moru, 3s, 1. kat, 2 parkinga260.000 €2.772 €/m2",260.000 €,Istrien,Wohnung,2026-09-12,Entfernt/Verkauft
7542706,"Atraktivan stan od 71 m2, novogradnja sa GPM1.200 €/mjesec",1.200 €/mjesec,Istrien,Wohnung,2026-09-25,Entfernt/Verkauft
7520582,"BEZ PROVIZIJE ! 3-sobni stan 56,7 m² / 2 balkona + parkirno mjesto | Kobiljak, Sesvete192.000 €3.887 €/m2",192.000 €,Istrien,Wohnung,2026-09-19,Entfernt/Verkauft
7512807,BEZ PROVIZIJE-KUĆA S 2 APARTMANA-VIR-350 m OD PLAŽE210.000 €1.981 €/m2,210.000 €,Istrien,Wohnung,2026-09-11,Entfernt/Verkauft
7552821,"BIJEG IZ REALNOSTI U MARIJU GORICU,2012.izgradnja, veličanst250.000 €1.389 €/m2",250.000 €,Istrien,Wohnung,2026-09-25,Entfernt/Verkauft
7511658,Breznica – građevinsko zemljište 14.300 m² uz državnu cestu D3420.000 €29 €/m2,420.000 €,Istrien,Wohnung,2026-09-13,Entfernt/Verkauft
7533785,"Britanac/Primorska, 2-soban potpuno adaptiran stan 30m2, parking, TOP lokacija/PRILIKA !!!140.000 €4.667 €/m2",140.000 €,Istrien,Wohnung,2026-09-11,Entfernt/Verkauft
7520461,"CENTAR CRIKVENICE – stan s balkonom, odlična prilika!159.000 €4.581 €/m2",159.000 €,Istrien,Wohnung,2026-09-17,Entfernt/Verkauft
7552274,"CENTAR/Gundulićeva, Prekrasan 2-sobni stan 48m2 potpuno adaptiran i novonamješten..250.000 €5.208 €/m2",250.000 €,Istrien,Wohnung,2026-09-21,Entfernt/Verkauft
7449736,"Centar, stan DB+4S+Po+Pk, u kratkoročnom najmu, investicija370.000 €3.700 €/m2",370.000 €,Istrien,Wohnung,2026-09-26,Aktiv
213683,"D. Dubrava, 85m2 -čista investicija i povrat uloženog - najbolje je da ga poklonim nekome.  162.000 €1.906 €/m2",162.000 €,Istrien,Wohnung,2026-09-14,Entfernt/Verkauft
7569242,DUGO SELO – TOP LOKACIJA | 73 m² | 4-SOBAN | TERASA | GARAŽA | LIFT265.000 €3.786 €/m2,265.000 €,Istrien,Wohnung,2026-09-25,Entfernt/Verkauft
7287269,"Daruvar(Dežanovac)Novija kuća,3garaže,dvije terase,moguća zamjena za stan129.000 €115.000 €622 €/m2",129.000 €,Istrien,Wohnung,2026-09-26,Aktiv
7429192,"Dom spreman za vašu obitelj – 115 m², 4-soban, garaža i bez dodatnih ulaganja350.000 €3.043 €/m2",350.000 €,Istrien,Wohnung,2026-09-22,Entfernt/Verkauft
7527142,Drvena kuća10.000 €182 €/m2,10.000 €,Istrien,Wohnung,2026-09-11,Entfernt/Verkauft
7477460,"Dubrava, Studentski, uređen stan DB+1S+PM+ostava, NKP=52,7 m229.000 €4.345 €/m2",229.000 €,Istrien,Wohnung,2026-09-15,Entfernt/Verkauft
7526107,"Duga uvala, parcela 608 kvadrata, 100 metara od mora72.000 €118 €/m2",72.000 €,Istrien,Wohnung,2026-09-22,Entfernt/Verkauft
7452388,Dugoročni najam Vodice500 €400 €/mjesec,500 €,Istrien,Wohnung,2026-09-11,Entfernt/Verkauft
7539862,"Dugoročno Iznajmljivanje stana 30 m2, Prečko500 €/mjesec",500 €/mjesec,Istrien,Wohnung,2026-09-21,Entfernt/Verkauft
7501014,Dvije kuće za cijenu jedne40.000 €177 €/m2,40.000 €,Istrien,Wohnung,2026-09-15,Entfernt/Verkauft
7535343,Dvije obiteljske kuće s okućnicom i maslinikom – Svetvinčenat369.000 €1.506 €/m2,369.000 €,Istrien,Wohnung,2026-09-12,Entfernt/Verkauft
7545037,Dvoetažni stan /103 kvadrata/Bili Brig195.000 €1.893 €/m2,195.000 €,Istrien,Wohnung,2026-09-26,Aktiv
7399597,Dvoetažni stan Trešnjevka | 62m² | 2 kupaonice200.000 €189.000 €3.048 €/m2,200.000 €,Istrien,Wohnung,2026-09-25,Entfernt/Verkauft
7537780,"Dvosoban stan 30 m² s lođom – Poljanice, Dubrava500 €/mjesec",500 €/mjesec,Istrien,Wohnung,2026-09-15,Entfernt/Verkauft
7536699,Dvosoban stan 90m2 dugorocni najam750 €/mjesec,750 €/mjesec,Istrien,Wohnung,2026-09-15,Entfernt/Verkauft
7536786,"Dvosoban stan, površine 51 m2, u blizini Autobusnog kolodvora800 €/mjesec",800 €/mjesec,Istrien,Wohnung,2026-09-13,Entfernt/Verkauft
7539995,"Dvosobni stan za najam s panoramskim pogledom – 117 m², Kaštel Lukšić850 €/mjesec",850 €/mjesec,Istrien,Wohnung,2026-09-16,Entfernt/Verkauft
7202122,Eko voćnjak 4.19 ha – 600 stabala oraha Podravske Sesvete – PRODAJA 113 000 eura113.000 €3 €/m2,113.000 €,Istrien,Wohnung,2026-09-17,Entfernt/Verkauft
7539811,Ekskluzivan stan od 106 m² na Firulama u obnovljenoj vili (iznajmljivanje)2.000 €/mjesec,2.000 €/mjesec,Istrien,Wohnung,2026-09-16,Entfernt/Verkauft
7258900,GRAĐEVINSKO ZEMLJIŠTE - REMETE349.000 €292 €/m2,349.000 €,Istrien,Wohnung,2026-09-12,Entfernt/Verkauft
7537348,GRAĐEVINSKO ZEMLJIŠTE 350 m² – RIJETKA LOKACIJA U SRCU VUKOVARA35.000 €100 €/m2,35.000 €,Istrien,Wohnung,2026-09-14,Entfernt/Verkauft
7552169,GRAĐEVINSKO ZEMLJIŠTE-HRAŠĆICA50.400 €90 €/m2,50.400 €,Istrien,Wohnung,2026-09-21,Entfernt/Verkauft
7211944,"Garsonijera Osijek, Donji grad300 €/mjesec",300 €/mjesec,Istrien,Wohnung,2026-09-24,Entfernt/Verkauft
7291076,Gospodarske građevine i građ. zemljište - blizina Zagreba145.000 €456 €/m2,145.000 €,Istrien,Wohnung,2026-09-26,Aktiv
7452398,Gradilište Popovačaa30.000 €29 €/m2,30.000 €,Istrien,Wohnung,2026-09-15,Entfernt/Verkauft
7293102,Građevinska parcela površine  987m2 sa građevinskom dozvolom za samostojeću prizemnicu89.000 €91 €/m2,89.000 €,Istrien,Wohnung,2026-09-18,Entfernt/Verkauft
7544488,Građevinsko Zemljište - Veprinac129.000 €138 €/m2,129.000 €,Istrien,Wohnung,2026-09-19,Entfernt/Verkauft
7470925,Građevinsko zemljiste Pirovac60.000 €53.000 €79 €/m2,60.000 €,Istrien,Wohnung,2026-09-19,Entfernt/Verkauft
7555479,Građevinsko zemljište - Rakovo Selo - 1299m²129.900 €100 €/m2,129.900 €,Istrien,Wohnung,2026-09-24,Entfernt/Verkauft
4015171,Građevinsko zemljište - mogućnost kupnje trećine zemljišta65.000 €32 €/m2,65.000 €,Istrien,Wohnung,2026-09-18,Entfernt/Verkauft
7500279,"Građevinsko zemljište 1.539 m² – sportsko-rekreacijska zona u Taru, Istra99.000 €64 €/m2",99.000 €,Istrien,Wohnung,2026-09-11,Entfernt/Verkauft
7477459,"Građevinsko zemljište 6.870 m2, Vadina, odlična investicija!224.000 €33 €/m2",224.000 €,Istrien,Wohnung,2026-09-26,Aktiv
3515255,Građevinsko zemljište 803 m² za vikendicu ili manju kuću – Jagnjić Dol32.120 €40 €/m2,32.120 €,Istrien,Wohnung,2026-09-18,Entfernt/Verkauft
7497590,"Građevinsko zemljište 980 m2, G. Vukojevac, Lekenik29.500 €30 €/m2",29.500 €,Istrien,Wohnung,2026-09-26,Aktiv
7287462,Građevinsko zemljište Gornji Vukojevac 630 - 1000 m218.900 €30 €/m2,18.900 €,Istrien,Wohnung,2026-09-26,Aktiv
7539720,"Građevinsko zemljište Veliki Grđevac i objekti za preradu ljekovitog bilja, Veliki Grđevac , 8000m2190.000 €24 €/m2",190.000 €,Istrien,Wohnung,2026-09-16,Entfernt/Verkauft
7569123,"Građevinsko zemljište, Brdo Cirkvensko (Sveti Ivan Žabno) – 2716 m², sva infrastruktura!35.000 €13 €/m2",35.000 €,Istrien,Wohnung,2026-09-25,Entfernt/Verkauft
7555154,"Građevinsko zemljište, Gospić (Centar), 3259m2153.000 €47 €/m2",153.000 €,Istrien,Wohnung,2026-09-24,Entfernt/Verkauft
7569225,"Građevinsko zemljište, Istra, Buzet (Hum), 1232m2-predivna mirna lokacija69.000 €56 €/m2",69.000 €,Istrien,Wohnung,2026-09-25,Entfernt/Verkauft
6569480,"Građevinsko zemljište, Kutina (Repušnica), 5356m21 €",1 €,Istrien,Wohnung,2026-09-20,Entfernt/Verkauft
7148217,"Građevinsko zemljište, Novi Zagreb - Zapad (Sveta Klara), 815m2150 €135 €",150 €,Istrien,Wohnung,2026-09-11,Entfernt/Verkauft
6179615,"Građevinsko zemljište, Ozalj (Levkušje) uz Kupu za vikendicu ili kuću ljepa priroda blizu Karlovac49.999 €29 €/m2",49.999 €,Istrien,Wohnung,2026-09-19,Entfernt/Verkauft
7232368,"Građevinsko zemljište, Senj (Stinica), 440m257.200 €130 €/m2",57.200 €,Istrien,Wohnung,2026-09-13,Entfernt/Verkauft
7520710,"Građevinsko zemljište, Zabok (Jakuševec Zabočki), 734m229.000 €40 €/m2",29.000 €,Istrien,Wohnung,2026-09-13,Entfernt/Verkauft
7552642,HITNO! Građevinsko zemljište s pogledom na utvrdu Okić i Sljeme6.500 €14 €/m2,6.500 €,Istrien,Wohnung,2026-09-24,Entfernt/Verkauft
7224666,HORVATI – GRAĐEVINSKO ZEMLJIŠTE 870 m² S PROJEKTOM I GRAĐEVINSKOM DOZVOLOM82.650 €65.250 €75 €/m2,82.650 €,Istrien,Wohnung,2026-09-16,Entfernt/Verkauft
7515530,IDEALNO ZA STUDENTE-BLIZINA KAMPUSA!650 €/mjesec,650 €/mjesec,Istrien,Wohnung,2026-09-13,Entfernt/Verkauft
7515533,IDELAN STAN ZA STUDENTE NA TURNIĆU!700 €/mjesec,700 €/mjesec,Istrien,Wohnung,2026-09-13,Entfernt/Verkauft
7534981,"IMANJE 2,34 ha – nasad lijeske, ribnjak, šumarak + mogućnost gradnje28.000 €1 €/m2",28.000 €,Istrien,Wohnung,2026-09-11,Entfernt/Verkauft
6863720,ISTRA - Građevinsko zemljište (586 m2) i građevinska dozvola / Započeta gradnja111.000 €98.000 €167 €/m2,111.000 €,Istrien,Wohnung,2026-09-22,Entfernt/Verkauft
7538514,IZNAJMLJUJEM STAN750 €/mjesec,750 €/mjesec,Istrien,Wohnung,2026-09-15,Entfernt/Verkauft
7531804,Iznajmljivanje stana700 €650 €/mjesec,700 €,Istrien,Wohnung,2026-09-23,Entfernt/Verkauft
7520614,Iznajmljuje se garsonjera u kući 32m2550 €/mjesec,550 €/mjesec,Istrien,Wohnung,2026-09-22,Entfernt/Verkauft
7533897,Iznajmljuje se soba u Varaždinu za studenta/icu200 €,200 €,Istrien,Wohnung,2026-09-11,Entfernt/Verkauft
7531821,"Iznajmljuje se stan 42m2, u centru Čakovca450 €/mjesec",450 €/mjesec,Istrien,Wohnung,2026-09-18,Entfernt/Verkauft
7511657,"Iznajmljuje se stan studentima, mlađem bračnom paru ili samcu700 €/mjesec",700 €/mjesec,Istrien,Wohnung,2026-09-14,Entfernt/Verkauft
7526968,"Iznajmljuje se četveroipolsobni stan, Maksimirska cesta (blizu Kvatrića), 86 m21.200 €/mjesec",1.200 €/mjesec,Istrien,Wohnung,2026-09-16,Entfernt/Verkauft
7553248,"Iznajmljujem 4-sobni stan 72.19 m2 s lođom i pogledom na zelenilo, Jarun970 €/mjesec",970 €/mjesec,Istrien,Wohnung,2026-09-22,Entfernt/Verkauft
7288037,Iznajmljujem garažu / skladište na Trešnjevci130 €,130 €,Istrien,Wohnung,2026-09-13,Entfernt/Verkauft
7552395,Iznajmljujem jednosoban stan u  centru Krapine380 €/mjesec,380 €/mjesec,Istrien,Wohnung,2026-09-21,Entfernt/Verkauft
7513083,Iznajmljujem novo uređeni apartman tj.stan studentima ili studenticama  na Gripama u blizini kampusa900 €/mjesec,900 €/mjesec,Istrien,Wohnung,2026-09-23,Entfernt/Verkauft
7553360,"Izuzetna prilika! Šestine/vrh Bijenika, manji trosoban stan, potpuno novouređen!249.000 €6.073 €/m2",249.000 €,Istrien,Wohnung,2026-09-22,Entfernt/Verkauft
7519005,"JADRANOVO – Garsonijera u mirnoj ulici, 7 min hoda do mora149.000 €5.529 €/m2",149.000 €,Istrien,Wohnung,2026-09-25,Entfernt/Verkauft
7500276,JEDINSTVENA PRILIKA NA JEDNOJ OD NAJLJEPŠIH LOKACIJA – BRELA 🔥310.000 €3.647 €/m2,310.000 €,Istrien,Wohnung,2026-09-14,Entfernt/Verkauft
7500991,Jurdani - povoljno građevinsko zemljište pripremljeno za gradnju kuće60.000 €54 €/m2,60.000 €,Istrien,Wohnung,2026-09-15,Entfernt/Verkauft
7328536,"KOMPLETNO RENOVIRAN i NAMJEŠTEN stan u Dubrovniku (Zlatni potok), 90m2, 3-sobni660.000 €7.333 €/m2",660.000 €,Istrien,Wohnung,2026-09-11,Entfernt/Verkauft
7555676,KRK – PREMIUM NOVOGRADNJA | PROSTRANI DVOETAŽNI STAN S POGLEDOM NA MORE | 550.000 €550.000 €3.929 €/m2,KRK – PREMIUM NOVOGRADNJA | PROSTRANI DVOETAŽNI STAN S POGLEDOM NA MORE | 550.000 €,Istrien,Wohnung,2026-09-23,Entfernt/Verkauft
7508361,"KUĆA S TRI STANA - DEDIĆI, 190m2330.000 €1.737 €/m2",330.000 €,Istrien,Wohnung,2026-09-23,Entfernt/Verkauft
7500998,Kastav: novogradnja s pogledom na more i 2 parkirna mjesta248.000 €4.133 €/m2,248.000 €,Istrien,Wohnung,2026-09-17,Entfernt/Verkauft
7470970,Krk (Njivice) stan 200 m od mora330.000 €4.125 €/m2,330.000 €,Istrien,Wohnung,2026-09-15,Entfernt/Verkauft
7434194,Krnjevo-1s+db kompletno adaptiran odmah useljivo159.000 €4.334 €/m2,159.000 €,Istrien,Wohnung,2026-09-17,Entfernt/Verkauft
6924836,Kuca rab160.000 €1.633 €/m2,160.000 €,Istrien,Wohnung,2026-09-17,Entfernt/Verkauft
7521697,"Kuća  ( Marijana Celjaka preko nasipa 80) 140m2, 5-sobna245.000 €1.750 €/m2",245.000 €,Istrien,Wohnung,2026-09-16,Entfernt/Verkauft
7553458,Kuća 150m2-Čulinečka-NAJAM ZA 10-15RADNIKA1.800 €,1.800 €,Istrien,Wohnung,2026-09-22,Entfernt/Verkauft
7481011,"Kuća 450m² za smještaj radnika u Zagrebu: 40 kreveta, 4 kup, parking za 8+ vozila, top privatnost4.000 €",4.000 €,Istrien,Wohnung,2026-09-19,Entfernt/Verkauft
7484753,Kuća 600 m2 PRODAJA285.000 €475 €/m2,285.000 €,Istrien,Wohnung,2026-09-12,Entfernt/Verkauft
7552330,"Kuća Klanjec (Klanjec), 103m2, 2-sobna170.000 €1.650 €/m2",170.000 €,Istrien,Wohnung,2026-09-21,Entfernt/Verkauft
7526186,"Kuća Legrad (Kutnjak), 139m2, 4-sobna86.000 €619 €/m2",86.000 €,Istrien,Wohnung,2026-09-14,Entfernt/Verkauft
7465496,"Kuća Marija Bistrica (Tugonica), 297m2, 4-sobna149.000 €502 €/m2",149.000 €,Istrien,Wohnung,2026-09-20,Entfernt/Verkauft
7502912,"Kuća Nova Rača (Nova Rača), 130m2, 1-sobna68.000 €63.000 €485 €/m2",68.000 €,Istrien,Wohnung,2026-09-12,Entfernt/Verkauft
7357161,"Kuća Osijek (Uske njive), 160m2, 5-sobna385.000 €2.406 €/m2",385.000 €,Istrien,Wohnung,2026-09-14,Entfernt/Verkauft
7531469,"Kuća Osijek - Okolica (Sarvaš), 90m2, 3-sobna135.000 €1.500 €/m2",135.000 €,Istrien,Wohnung,2026-09-11,Entfernt/Verkauft
7493136,"Kuća Podturen (Celine), 100m2, 3-sobna95.000 €90.000 €900 €/m2",95.000 €,Istrien,Wohnung,2026-09-14,Entfernt/Verkauft
7513005,Kuća TOP lokacija299.000 €2.492 €/m2,299.000 €,Istrien,Wohnung,2026-09-24,Entfernt/Verkauft
7551345,"Kuća Valpovo (Valpovo), 120m2, 4-sobna186.000 €1.550 €/m2",186.000 €,Istrien,Wohnung,2026-09-20,Entfernt/Verkauft
7544870,"Kuća Zagreb (Donja Dubrava), 220m2, 7-sobna499.000 €2.268 €/m2",499.000 €,Istrien,Wohnung,2026-09-19,Entfernt/Verkauft
7524783,Kuća blizu Mrzlih Vodica295.000 €3.105 €/m2,295.000 €,Istrien,Wohnung,2026-09-13,Entfernt/Verkauft
7335919,"Kuća na Plesu za najam ili stanovanje, 3 etaže, 8 soba369.000 €2.181 €/m2",369.000 €,Istrien,Wohnung,2026-09-26,Aktiv
7151763,Kuća na prodaju45.000 €40.000 €556 €/m2,45.000 €,Istrien,Wohnung,2026-09-25,Entfernt/Verkauft
7483620,"Kuća s dva odvojena stana, panoramskim pogledom i velikim potencijalom – nadomak Ivanca150.000 €1.500 €/m2",150.000 €,Istrien,Wohnung,2026-09-11,Entfernt/Verkauft
7483775,Kuća s pogledom na Ivanščicu i 3.200 m² građevinskog zemljišta–prilika u Parku prirode Zagorske gore80.000 €55.000 €1.250 €/m2,80.000 €,Istrien,Wohnung,2026-09-11,Entfernt/Verkauft
7440903,Kuća s velikim imanjem i voćnjakom – Lukavec kraj Velike Gor380.000 €1.781 €/m2,380.000 €,Istrien,Wohnung,2026-09-26,Aktiv
6472191,Kuća samostojeća250.000 €1.250 €/m2,250.000 €,Istrien,Wohnung,2026-09-24,Entfernt/Verkauft
7535712,"Kuća u inozemstvu,Bosna i Hercegovina,Travnik97.000 €1.212 €/m2",97.000 €,Istrien,Wohnung,2026-09-14,Entfernt/Verkauft
2604610,Kuća za odmor Kupres najam i prodaja190.000 €145.000 €806 €/m2,190.000 €,Istrien,Wohnung,2026-09-13,Entfernt/Verkauft
7461230,"Kuća, Kaštel Lukšić, Imanje u zelenilu s maslinikom, pogledom na more (prodaja)420.000 €1.918 €/m2",420.000 €,Istrien,Wohnung,2026-09-17,Entfernt/Verkauft
7483622,"Kuća, useljiva na dobroj lokaciji140.000 €2.121 €/m2",140.000 €,Istrien,Wohnung,2026-09-18,Entfernt/Verkauft
7440911,Kuća/vikendica na prekrasnom Martin Bregu185.000 €1.516 €/m2,185.000 €,Istrien,Wohnung,2026-09-26,Aktiv
7566346,"Kuća: Gajnice, 236.00 m2, u neposrednoj blizini škole i vrtića (prodaja)320.000 €1.356 €/m2",320.000 €,Istrien,Wohnung,2026-09-24,Entfernt/Verkauft
7238956,LUKSUZNA KUĆA SAUNOM I VRHUNSKOM OPREMOM685.000 €2.141 €/m2,685.000 €,Istrien,Wohnung,2026-09-16,Entfernt/Verkauft
7539445,LUKSUZNO TURISTIČKO IMANJE SA BAZENOM I VIŠE APARTMANA849.000 €3.087 €/m2,849.000 €,Istrien,Wohnung,2026-09-19,Entfernt/Verkauft
7472576,Lijep namješten apartman na prvom katu sa predivnim pogledom na more159.000 €3.594 €/m2,159.000 €,Istrien,Wohnung,2026-09-18,Entfernt/Verkauft
7481696,"Lovran, potpuno renoviran 2S+DB, 300 m od mora!399.000 €4.750 €/m2",399.000 €,Istrien,Wohnung,2026-09-17,Entfernt/Verkauft
7544881,Luksuzna Villa u Gorskom kotaru995.000 €5.653 €/m2,995.000 €,Istrien,Wohnung,2026-09-19,Entfernt/Verkauft
7553309,"MODERNA ,  RENOVIRANA KUĆA U NIZU – PAMETAN DOM | 99 m²239.000 €2.414 €/m2",239.000 €,Istrien,Wohnung,2026-09-22,Entfernt/Verkauft
7501083,MODULARNA KUĆICA U ŠUMICI BLIZU MORA53.000 €2.208 €/m2,53.000 €,Istrien,Wohnung,2026-09-15,Entfernt/Verkauft
7501066,Mala vikendica u šumi22.000 €880 €/m2,22.000 €,Istrien,Wohnung,2026-09-15,Entfernt/Verkauft
7511772,Mali stan s pogledom na cijeli Kvarner169.000 €5.240 €/m2,169.000 €,Istrien,Wohnung,2026-09-25,Entfernt/Verkauft
7545246,"Moderan dvosoban stan s garažom i lođom, Malešnica(55m2)700 €/mjesec",700 €/mjesec,Istrien,Wohnung,2026-09-20,Entfernt/Verkauft
7539920,Moderan novouređen 3-sobni stan u Novom Zagrebu- neposredna blizina tramvaja1.050 €/mjesec,1.050 €/mjesec,Istrien,Wohnung,2026-09-16,Entfernt/Verkauft
7553448,NAJAM SKLADIŠNI KONTEJNER 28M²-12METARA130 €,130 €,Istrien,Wohnung,2026-09-22,Entfernt/Verkauft
7552554,NAJAM STANA - MAKSIMIR / BUKOVAC - 1000€ - 76m21.000 €/mjesec,NAJAM STANA - MAKSIMIR / BUKOVAC - 1000€ - 76m2,Istrien,Wohnung,2026-09-21,Entfernt/Verkauft
7500985,NOVA KUĆICA U RAJSKOM VRTU MASLINA BLIZU MORA56.000 €2.333 €/m2,56.000 €,Istrien,Wohnung,2026-09-11,Entfernt/Verkauft
4457614,NOVI PODACI!!! Prodajemo seosko imanje u selu Milaševac (Čazma)34.000 €405 €/m2,34.000 €,Istrien,Wohnung,2026-09-26,Aktiv
7397225,"NOVO: Luksuzan jednosobni stan (42m2), dugoročni najam + GARAŽA (bez provizije)1.050 €/mjesec",1.050 €/mjesec,Istrien,Wohnung,2026-09-14,Entfernt/Verkauft
7542341,"NOVOADAPTIRANI DVOETAŽNI STAN, 4-sobni, 2 VPM+spremište300.000 €2.143 €/m2",300.000 €,Istrien,Wohnung,2026-09-25,Entfernt/Verkauft
7541491,NOVO_Zadar Mocire Novogradnja_Dugoročni najam800 €/mjesec,800 €/mjesec,Istrien,Wohnung,2026-09-17,Entfernt/Verkauft
7551494,Najam Dvosobnog stana dugorocno750 €/mjesec,750 €/mjesec,Istrien,Wohnung,2026-09-20,Entfernt/Verkauft
7423281,"Najam jednosobnog stana u Goricama(Remete)38m2, parkirno mjesto, terasa, veliko dvorište450 €/mjesec",450 €/mjesec,Istrien,Wohnung,2026-09-26,Aktiv
7533270,Najam novouređene garsonjere Voltino400 €/mjesec,400 €/mjesec,Istrien,Wohnung,2026-09-11,Entfernt/Verkauft
7536747,Najam soba za studente/radnike500 €,500 €,Istrien,Wohnung,2026-09-13,Entfernt/Verkauft
7536989,Najam stana (Kvatrić) dvosoban stan900 €/mjesec,900 €/mjesec,Istrien,Wohnung,2026-09-16,Entfernt/Verkauft
7525873,Najam stana u Trnavi 30 m2450 €400 €/mjesec,450 €,Istrien,Wohnung,2026-09-24,Entfernt/Verkauft
7536772,Najam stana u centru Bjelovara600 €/mjesec,600 €/mjesec,Istrien,Wohnung,2026-09-13,Entfernt/Verkauft
7551745,"Najam stana, Trešnjevka, Zagreb800 €/mjesec",800 €/mjesec,Istrien,Wohnung,2026-09-20,Entfernt/Verkauft
7535223,Najam stana500 €/mjesec,500 €/mjesec,Istrien,Wohnung,2026-09-11,Entfernt/Verkauft
7531811,Najam stana600 €/mjesec,600 €/mjesec,Istrien,Wohnung,2026-09-18,Entfernt/Verkauft
7509072,Namjesten dvosoban stan + DB u obiteljskoj kuci 1200 Eura sa svim režijama. 1.200 €/mjesec,1.200 €/mjesec,Istrien,Wohnung,2026-09-15,Entfernt/Verkauft
7486356,Namješten 3-sobni stan u gradu Karlovcu- PRODAJA bez agencijske provizije330.000.000 €3.697.479 €/m2,330.000.000 €,Istrien,Wohnung,2026-09-25,Entfernt/Verkauft
7539663,Nova Mokošica stan s dvije spavaće sobe - dugoročni najam900 €/mjesec,900 €/mjesec,Istrien,Wohnung,2026-09-16,Entfernt/Verkauft
7430496,ODLIČNA PRILIKA ZA OBRT I ŽIVOT – Samostojeća kuća s funkcionalnom radionom630.000 €1.909 €/m2,630.000 €,Istrien,Wohnung,2026-09-20,Entfernt/Verkauft
7514205,Odličan dvosoban stan s pogledom na more230.000 €4.107 €/m2,230.000 €,Istrien,Wohnung,2026-09-11,Entfernt/Verkauft
7555589,PLAC / PROSTOR ZA NAJAM320 €,320 €,Istrien,Wohnung,2026-09-23,Entfernt/Verkauft
7521082,PLATAK – VAŠA MALA OAZA U ŠUMI199.000 €2.862 €/m2,199.000 €,Istrien,Wohnung,2026-09-17,Entfernt/Verkauft
7540890,"POSLOVNI PROSTOR ""CENTAR""1 €",1 €,Istrien,Wohnung,2026-09-18,Entfernt/Verkauft
7417806,"POSLOVNI PROSTOR ZA NAJAM – CENTAR SPLITA, 21 m²400 €",400 €,Istrien,Wohnung,2026-09-17,Entfernt/Verkauft
7553131,POVOLJNO !! TEREN MALI IŽ95.000 €109 €/m2,95.000 €,Istrien,Wohnung,2026-09-22,Entfernt/Verkauft
7322360,POVOLJNO PRODAJEMO PROIZVODNI KOMPLEKS820.000 €82 €/m2,820.000 €,Istrien,Wohnung,2026-09-15,Entfernt/Verkauft
7536761,"PRILIKA !!! Novalja - Gaj ,dva apartmana uk.100m2, dvorište 115m2 s bazenom, 100m od mora,2 parkinga340.000 €3.400 €/m2",340.000 €,Istrien,Wohnung,2026-09-13,Entfernt/Verkauft
7452443,"PRILIKA! Građevinsko zemljište-Bedekovčina, 2.550m255.900 €52.900 €21 €/m2",55.900 €,Istrien,Wohnung,2026-09-13,Entfernt/Verkauft
7529620,"PRODAJA STANA – STROGI CENTAR RIJEKE | 102,72 m² | NOVIJA GRADNJA | PROSTRANA LOĐA450.000 €4.381 €/m2",450.000 €,Istrien,Wohnung,2026-09-13,Entfernt/Verkauft
7536757,"PRODAJA, 2-SOBNI STAN+GPM, GORNJE VRAPČE, 58,93M2 , BEZ PROVIZIJE, NOVIJA GRADNJA215.000 €3.233 €/m2",215.000 €,Istrien,Wohnung,2026-09-20,Entfernt/Verkauft
7451629,"PROJEKT UMAG - zgrada B stan 2, 4. kat216.717 €3.855 €/m2",216.717 €,Istrien,Wohnung,2026-09-17,Entfernt/Verkauft
7297944,PROSTRANA KUĆA U PETRUŠEVCU S OKUĆNICOM325.000 €1.625 €/m2,325.000 €,Istrien,Wohnung,2026-09-12,Entfernt/Verkauft
7540043,"PULA, Monvidal - Stan za studente/ice - 1.najam, novogradnja. 700 €/mjesec",700 €/mjesec,Istrien,Wohnung,2026-09-18,Entfernt/Verkauft
3651689,Parcela Duga uvala sa 2 kuće s pogledom na more330.000 €295.000 €472 €/m2,330.000 €,Istrien,Wohnung,2026-09-22,Entfernt/Verkauft
7501053,Parcela na uzvisini kraj Karlovca20.240 €16 €/m2,20.240 €,Istrien,Wohnung,2026-09-17,Entfernt/Verkauft
7221431,"Planina, Popovac, Venus brdo, 15 420m2 38.000 €25.000 €2 €/m2",38.000 €,Istrien,Wohnung,2026-09-21,Entfernt/Verkauft
7506028,Pobri — 72 m² s pogledom na more i vlastitim parkingom | direktno od vlasnika229.000 €3.181 €/m2,229.000 €,Istrien,Wohnung,2026-09-20,Entfernt/Verkauft
7527628,Poljeprivredno zemljiste 22.000 €19.999 €40 €/m2,22.000 €,Istrien,Wohnung,2026-09-23,Entfernt/Verkauft
7555670,Poljoprivredno zemljište 8941 m2 (Velika Gorica okolica)270.000 €30 €/m2,270.000 €,Istrien,Wohnung,2026-09-23,Entfernt/Verkauft
7553314,"Poljoprivredno zemljište, Opuzen (Opuzen), 2600m21 €",1 €,Istrien,Wohnung,2026-09-22,Entfernt/Verkauft
7523541,"Poslovni prostor sa Garažom + 1 parking mjestom - Kaštel Novi, 76 m2 (iznajmljivanje)800 €",800 €,Istrien,Wohnung,2026-09-18,Entfernt/Verkauft
7287454,"Poslovni prostor. ul. Pavla Hatza, P=35 m2, zakup690 €",690 €,Istrien,Wohnung,2026-09-16,Entfernt/Verkauft
7545068,"Potpuno namješten trosoban stan površine 57,29m², parkino mjesto 215.000 €3.753 €/m2",215.000 €,Istrien,Wohnung,2026-09-21,Entfernt/Verkauft
7531854,Potpuno uređen trosoban stan 76 m² + 2 garažna mjesta309.000 €4.055 €/m2,309.000 €,Istrien,Wohnung,2026-09-17,Entfernt/Verkauft
7542181,Predivan stan 2S + db na Bulevardu800 €/mjesec,800 €/mjesec,Istrien,Wohnung,2026-09-21,Entfernt/Verkauft
7536707,"Predivan stan Martićeva (Donji grad), 29 m2, 1-sobni159.990 €5.517 €/m2",159.990 €,Istrien,Wohnung,2026-09-13,Entfernt/Verkauft
7338055,"Prodaja - sunčani peterosobni klasični stan 159,12 m2 na III katu 285.000 €1.791 €/m2",285.000 €,Istrien,Wohnung,2026-09-17,Entfernt/Verkauft
7478050,Prodaja - vikendica uz rijeku Kupu -  2.433 m2 okućnice – rijetka prilika!127.000 €,127.000 €,Istrien,Wohnung,2026-09-15,Entfernt/Verkauft
7440910,"Prodaja 3S stana, Trnje - adaptiran i namješten, 72m2300.000 €4.167 €/m2",300.000 €,Istrien,Wohnung,2026-09-26,Aktiv
7357884,Prodaja Stan Odra -Novi Zagreb/ dvoetažni s privatnim vrtom i 2VPM . 117.48 m2  -2638e/m2 ! 330.000 €310.000 €2.639 €/m2,330.000 €,Istrien,Wohnung,2026-09-11,Entfernt/Verkauft
7508671,"Prodaja drvene kuće.10335m2 zemljište,od toga 4200 građevinsko!Slunj ! Struja,asfalt,internet.Bunar.45.000 €300 €/m2",45.000 €,Istrien,Wohnung,2026-09-16,Entfernt/Verkauft
7536679,Prodaja građevnog zemljišta Suhi Potok - Jesenice170.000 €200 €/m2,170.000 €,Istrien,Wohnung,2026-09-15,Entfernt/Verkauft
7210494,Prodaja kuće Cerovlje85.000 €1.062 €/m2,85.000 €,Istrien,Wohnung,2026-09-12,Entfernt/Verkauft
7333440,Prodaja kuće150.000 €1.923 €/m2,150.000 €,Istrien,Wohnung,2026-09-21,Entfernt/Verkauft
7552307,"Prodaja stana 61m² (83m² s pripadajućim sadržajima) – Mlinovi, Zagreb325.000 €3.916 €/m2",325.000 €,Istrien,Wohnung,2026-09-21,Entfernt/Verkauft
7369511,Prodajem građevinsko zemljište Novi Zagreb Demerje 4349m2 150 €,150 €,Istrien,Wohnung,2026-09-16,Entfernt/Verkauft
7531750,"Prodajem stan Karlovac (Novi Centar), 62.7m2, 3-sobni178.000 €2.839 €/m2",178.000 €,Istrien,Wohnung,2026-09-17,Entfernt/Verkauft
7569018,Prodajem stan u centru Zagreba!250.000 €4.982 €/m2,250.000 €,Istrien,Wohnung,2026-09-25,Entfernt/Verkauft
7531501,Prodajem šumu. Moguća i zamjena za drugo zemljište.19.000 €2 €/m2,19.000 €,Istrien,Wohnung,2026-09-19,Entfernt/Verkauft
7565812,"Prostran 2s stan (57 m²) s balkonom, besplatnim parkingom, 1 min do tramvaja - Ferenščica850 €/mjesec",850 €/mjesec,Istrien,Wohnung,2026-09-23,Entfernt/Verkauft
7372836,Prvić Šepurine - poljoprivredno zemljište prvi red uz more115.000 €95.000 €75 €/m2,115.000 €,Istrien,Wohnung,2026-09-18,Entfernt/Verkauft
7501006,RIJEKA - POVOLJAN STAN U CENTRU GRADA151.000 €2.796 €/m2,151.000 €,Istrien,Wohnung,2026-09-15,Entfernt/Verkauft
7524431,RIJEKA -uredan mali stan na 5 min. pješke do centra109.000 €2.795 €/m2,109.000 €,Istrien,Wohnung,2026-09-11,Entfernt/Verkauft
7481677,"RIJEKA – CENTAR, PROSTRANI STAN 96,16 m² NA PAR KORAKA OD KO285.000 €260.000 €2.704 €/m2",285.000 €,Istrien,Wohnung,2026-09-16,Entfernt/Verkauft
7501062,"RIJEKA-NADOMAK CENTRA, A U VLASTITOM VRTU I S POGLEDOM NA MORE360.000 €3.429 €/m2",360.000 €,Istrien,Wohnung,2026-09-15,Entfernt/Verkauft
6996097,"Rijeka, G. Vežica stan 70 m2, svjetlost, prostor i pogled na268.020 €249.000 €3.557 €/m2",268.020 €,Istrien,Wohnung,2026-09-16,Entfernt/Verkauft
7508919,"SAMO U DOGMI | SENJ – STAN U SAMOM CENTRU, IDEALAN ZA ŽIVOT249.000 €2.223 €/m2",249.000 €,Istrien,Wohnung,2026-09-15,Entfernt/Verkauft
7529492,SESVETE – 45 m² + 2 BALKONA | LIFT | BLIZINA KOLODVORA | NAMJEŠTEN800 €/mjesec,800 €/mjesec,Istrien,Wohnung,2026-09-14,Entfernt/Verkauft
7508551,"SPLIT, Vila Velebita, dugoročni najam dvosobnog stana900 €/mjesec",900 €/mjesec,Istrien,Wohnung,2026-09-21,Entfernt/Verkauft
7424734,"STAN 30m2 + 30m terasa, Centar95.000 €89.000 €2.342 €/m2",95.000 €,Istrien,Wohnung,2026-09-14,Entfernt/Verkauft
7173558,"STAN POREČ, 73.00 m2, MORE POGLED, GARAŽA, TOP LOKACIJA! (prodaja)430.000 €399.000 €5.466 €/m2",430.000 €,Istrien,Wohnung,2026-09-18,Entfernt/Verkauft
7312721,"STAN U ZADRU – BLIZINA CENTRA, IDEALANA INVESTICIJA170.000 €4.250 €/m2",170.000 €,Istrien,Wohnung,2026-09-24,Entfernt/Verkauft
7141597,STAN ZA IZNAMLJIVANJE - DVOSOBAN - 53M2-ZADAR-BLIZINA KAMPUSA 700 €/mjesec,700 €/mjesec,Istrien,Wohnung,2026-09-13,Entfernt/Verkauft
7404928,"STAN-APARTMAN, Malinska-Dubašnica, Primorsko-goranska289.000 €265.000 €4.337 €/m2",289.000 €,Istrien,Wohnung,2026-09-16,Entfernt/Verkauft
7536717,"SVETICE RESIDENCE – NOVOGRADNJA , GARAŽA, 6. KAT, POGLED NA SLJEME1.100 €/mjesec",1.100 €/mjesec,Istrien,Wohnung,2026-09-20,Entfernt/Verkauft
7432764,"Samostojeća kuća u Lici kraj jezera! Useljiva, 400m okućnice32.500 €542 €/m2",32.500 €,Istrien,Wohnung,2026-09-24,Entfernt/Verkauft
7419005,Skladišnii prostor 18 m2 u Dumovcu200 €,200 €,Istrien,Wohnung,2026-09-20,Entfernt/Verkauft
7427193,Skriveni dragulj u centru Zagreba360.000 €4.337 €/m2,360.000 €,Istrien,Wohnung,2026-09-25,Entfernt/Verkauft
6283291,"Smještaj za radnike, studente, zajedničko stanovanje 5 soba a 2 kreveta, 150/osbi mj. + rež. 200 €150 €/mjesec",200 €,Istrien,Wohnung,2026-09-12,Entfernt/Verkauft
7540865,Smještaj za radnike300 €,300 €,Istrien,Wohnung,2026-09-18,Entfernt/Verkauft
7551576,"Stan 41.25 m2, Vijenac Gorana Zobundžije150.000 €3.636 €/m2",150.000 €,Istrien,Wohnung,2026-09-20,Entfernt/Verkauft
7572342,"Stan 60m2, 3-sobni, novoadaptirani, top lokacija, PRVI NAJAM900 €/mjesec",900 €/mjesec,Istrien,Wohnung,2026-09-26,Aktiv
7415999,"Stan A1I 59 m2 PRODAJA Zaprešić, Centar, 3s, 1. kat200.600 €3.400 €/m2",200.600 €,Istrien,Wohnung,2026-09-13,Entfernt/Verkauft
7555439,"Stan Bjelovar (Centar), 52.58m2, 2-sobni150.000 €2.853 €/m2",150.000 €,Istrien,Wohnung,2026-09-23,Entfernt/Verkauft
7555443,"Stan Donja Dubrava (Donja Dubrava), 37m2, Garsonijera600 €/mjesec",600 €/mjesec,Istrien,Wohnung,2026-09-23,Entfernt/Verkauft
7569032,"Stan Donji Grad (Kvaternikov Trg), 53m2, 2-sobni800 €/mjesec",800 €/mjesec,Istrien,Wohnung,2026-09-25,Entfernt/Verkauft
7514680,"Stan Donji Grad - Hebrangova 13 (Zeleni val), 36m2, 2-sobni199.000 €5.528 €/m2",199.000 €,Istrien,Wohnung,2026-09-11,Entfernt/Verkauft
7054500,"Stan Gornja Dubrava (Miroševec), 28m2, Garsonijera500 €/mjesec",500 €/mjesec,Istrien,Wohnung,2026-09-18,Entfernt/Verkauft
7568603,"Stan Gornja Dubrava (Poljanice), 42m2, 1-sobni550 €/mjesec",550 €/mjesec,Istrien,Wohnung,2026-09-24,Entfernt/Verkauft
7555641,"Stan HOTO vile, mali trosobni,  58 m2198.000 €3.414 €/m2",198.000 €,Istrien,Wohnung,2026-09-26,Aktiv
7553436,"Stan Korčula (Žrnovo), 108m2, 3-sobni10 €",10 €,Istrien,Wohnung,2026-09-22,Entfernt/Verkauft
7555326,"Stan Maksimir (Maksimir), 70m2, 3-sobni1.300 €/mjesec",1.300 €/mjesec,Istrien,Wohnung,2026-09-23,Entfernt/Verkauft
7555690,"Stan Maksimir (Ravnice), 35m2, 1-sobni600 €/mjesec",600 €/mjesec,Istrien,Wohnung,2026-09-23,Entfernt/Verkauft
7555508,"Stan Novi Zagreb - Istok (Dugave), 63m2, 4-sobni750 €/mjesec",750 €/mjesec,Istrien,Wohnung,2026-09-23,Entfernt/Verkauft
7529390,"Stan Novi Zagreb - Istok (Travno), 63.25m2, 3-sobni285.000 €4.506 €/m2",285.000 €,Istrien,Wohnung,2026-09-12,Entfernt/Verkauft
7501314,"Stan Novi Zagreb - Istok (Travno), 80m2, 3-sobni800 €/mjesec",800 €/mjesec,Istrien,Wohnung,2026-09-19,Entfernt/Verkauft
7568976,"Stan Novi Zagreb - Istok (Zapruđe), 66.19m2, 3-sobni + garažno PM + ostava339.000 €5.122 €/m2",339.000 €,Istrien,Wohnung,2026-09-25,Entfernt/Verkauft
7552578,"Stan Novi Zagreb - Zapad (Otok), 57m2, 3-sobni220.000 €3.860 €/m2",220.000 €,Istrien,Wohnung,2026-09-21,Entfernt/Verkauft
7537663,"Stan Novi Zagreb - Zapad (Savski gaj), 36m2, 2-sobni600 €/mjesec",600 €/mjesec,Istrien,Wohnung,2026-09-14,Entfernt/Verkauft
7539894,Stan Novi Zagreb Siget garsonjera 25 m2 Aleja Pomoraca 170.000 €6.800 €/m2,170.000 €,Istrien,Wohnung,2026-09-17,Entfernt/Verkauft
7403475,"Stan Osijek (Gornji grad / Centar), 38m2, 1-sobni310 €/mjesec",310 €/mjesec,Istrien,Wohnung,2026-09-24,Entfernt/Verkauft
7491913,"Stan Osijek (Gornji grad / Centar), 73 m2, 4-sobni600 €/mjesec",600 €/mjesec,Istrien,Wohnung,2026-09-24,Entfernt/Verkauft
7537417,"Stan Osijek (Retfala), 37.13m2, 1-sobni
PRODAJE VLASNIK145.000 €3.905 €/m2",145.000 €,Istrien,Wohnung,2026-09-14,Entfernt/Verkauft
7509033,"Stan Osijek (Retfala), 37.65m2, 1-sobni131.000 €3.479 €/m2",131.000 €,Istrien,Wohnung,2026-09-18,Entfernt/Verkauft
7515670,"Stan Osijek (Vij. Ivana Meštrovića), 32m2, 1-sobni350 €/mjesec",350 €/mjesec,Istrien,Wohnung,2026-09-17,Entfernt/Verkauft
7423134,"Stan PRODAJA četverosobni, Trešnjevka sjever,  dvoetažni 92 m2398.000 €4.303 €/m2",398.000 €,Istrien,Wohnung,2026-09-12,Entfernt/Verkauft
7480889,"Stan Peščenica - Žitnjak (Ferenščica), 45m2, 2-sobni550 €/mjesec",550 €/mjesec,Istrien,Wohnung,2026-09-19,Entfernt/Verkauft
7524888,"Stan Podsused - Vrapče (Gajnice), 70m2, 4-sobni, namješten, balkon900 €/mjesec",900 €/mjesec,Istrien,Wohnung,2026-09-16,Entfernt/Verkauft
7489319,"Stan Remetinec, 50m2, Novo950 €800 €/mjesec",950 €,Istrien,Wohnung,2026-09-26,Aktiv
7551779,"Stan Rijeka (Banderovo), 63m2, 3-sobni220.000 €3.492 €/m2",220.000 €,Istrien,Wohnung,2026-09-20,Entfernt/Verkauft
7542871,"Stan Rijeka (Kozala), 50m2, 3-sobni300 €/mjesec",300 €/mjesec,Istrien,Wohnung,2026-09-18,Entfernt/Verkauft
7529171,"Stan Rijeka (Rujevica), 50m2, 1-sobni500 €/mjesec",500 €/mjesec,Istrien,Wohnung,2026-09-12,Entfernt/Verkauft
7218604,"Stan Rijeka (Trsat), 62m2, 1-sobni550 €/mjesec",550 €/mjesec,Istrien,Wohnung,2026-09-22,Entfernt/Verkauft
7432139,"Stan Rijeka (Turnić), 54m2, 2-sobni650 €/mjesec",650 €/mjesec,Istrien,Wohnung,2026-09-25,Aktiv
7540098,Stan Sesvete Kobiljak550 €/mjesec,550 €/mjesec,Istrien,Wohnung,2026-09-16,Entfernt/Verkauft
7534887,"Stan Slavonski Brod (Naselje Kralja Tomislava), 60m2, 2-sobni94.000 €1.567 €/m2",94.000 €,Istrien,Wohnung,2026-09-13,Entfernt/Verkauft
7399315,"Stan Split-Zvonimirova ulica, 2S, 54m2, pogled na more 375.000 €340.000 €6.296 €/m2",375.000 €,Istrien,Wohnung,2026-09-17,Entfernt/Verkauft
7551720,Stan Sućidar Vukovarska700 €/mjesec,700 €/mjesec,Istrien,Wohnung,2026-09-22,Entfernt/Verkauft
7524896,"Stan Sveta Nedelja (Strmec), 58m2, 3-sobni   HOTO vile, NOVO!210.000 €3.621 €/m2",210.000 €,Istrien,Wohnung,2026-09-12,Entfernt/Verkauft
7572247,"Stan Sveta Nedelja (Strmec), 93m2, 3-sobni750 €/mjesec",750 €/mjesec,Istrien,Wohnung,2026-09-26,Aktiv
7359757,"Stan Trešnjevka - Sjever (Trešnjevka), 37m2, 2-sobni600 €550 €/mjesec",600 €,Istrien,Wohnung,2026-09-23,Entfernt/Verkauft
7522408,"Stan Trešnjevka - Sjever (Trešnjevka), 60m2, 2-sobni295.000 €4.917 €/m2",295.000 €,Istrien,Wohnung,2026-09-11,Entfernt/Verkauft
7542936,"Stan Varaždin (Banfica), 60m2, 2-sobni600 €/mjesec",600 €/mjesec,Istrien,Wohnung,2026-09-18,Entfernt/Verkauft
7536879,"Stan Vodice (Vodice), 88.55m2, 3-sobni287.140 €3.243 €/m2",287.140 €,Istrien,Wohnung,2026-09-15,Entfernt/Verkauft
7535694,"Stan Zadar (Crvene kuće), 80m2, 3-sobni329.000 €4.112 €/m2",329.000 €,Istrien,Wohnung,2026-09-12,Entfernt/Verkauft
7541767,"Stan Zadar (Diklovac), 42.5m2, 1-sobni500 €/mjesec",500 €/mjesec,Istrien,Wohnung,2026-09-20,Entfernt/Verkauft
7443142,"Stan Zadar (Višnjik), 35m2, 1-sobni750 €/mjesec",750 €/mjesec,Istrien,Wohnung,2026-09-13,Entfernt/Verkauft
7527109,"Stan Zagreb - Jankomir, 102 m2, 5-sobni, namješten1.500 €/mjesec",1.500 €/mjesec,Istrien,Wohnung,2026-09-19,Entfernt/Verkauft
7537421,Stan Zaprešić PRODAJE VLASNIK - BEZ AGENCIJSKE PROVIZIJE225.000 €4.035 €/m2,225.000 €,Istrien,Wohnung,2026-09-15,Entfernt/Verkauft
7394414,Stan na prvom katu sa pogledom na more159.000 €3.614 €/m2,159.000 €,Istrien,Wohnung,2026-09-18,Entfernt/Verkauft
7515724,"Stan sa dvije stambene jedinice, Rijeka (Turnic), prodaja, prodaje vlasnik235.000 €3.983 €/m2",235.000 €,Istrien,Wohnung,2026-09-17,Entfernt/Verkauft
7551189,Stan u blizini plaže Valkane i šetnice Lungomare 135.000 €4.219 €/m2,135.000 €,Istrien,Wohnung,2026-09-20,Entfernt/Verkauft
7526819,Stan u samom centru Zagreba – bez agencijske provizije! 239.999 €2.927 €/m2,239.999 €,Istrien,Wohnung,2026-09-23,Entfernt/Verkauft
7453472,Stan za najam 124m2 - Gupčeva zvijezda1.600 €/mjesec,1.600 €/mjesec,Istrien,Wohnung,2026-09-21,Entfernt/Verkauft
7504319,"Stan Črnomerec (Črnomerec), 45m2, 1-sobni550 €/mjesec",550 €/mjesec,Istrien,Wohnung,2026-09-24,Entfernt/Verkauft
7489491,"Stan, 80m2, 3-sobni, parking - Črnomerec (Ilica, blizina okretišta ZET-a)1.100 €900 €/mjesec",1.100 €,Istrien,Wohnung,2026-09-19,Entfernt/Verkauft
7540063,"Stan, Velika Gorica, Centar, 39.00 m2, Najam500 €/mjesec",500 €/mjesec,Istrien,Wohnung,2026-09-16,Entfernt/Verkauft
7544546,"Stan: Pula - Valdebek, 42.00 m2 - iznajmljivanje550 €/mjesec",550 €/mjesec,Istrien,Wohnung,2026-09-23,Entfernt/Verkauft
7488083,"Stan: Rijeka, Brajšina ulica Kozala, 55.00 m2175.000 €3.182 €/m2",175.000 €,Istrien,Wohnung,2026-09-25,Entfernt/Verkauft
7526537,"Stan: Zagreb, Oporovec - Novoselec 269.980 €3.333 €/m2",269.980 €,Istrien,Wohnung,2026-09-19,Entfernt/Verkauft
7555413,"Stan:Velika Gorica-Kuče 110m2, režije uračunate800 €/mjesec",800 €/mjesec,Istrien,Wohnung,2026-09-25,Entfernt/Verkauft
7510749,"Strmec- Sv.Nedelja, 240m2 , uređena kuća uz jezero s  bazenom i arteškim bunarom te posl. prostorom345.000 €1.438 €/m2",345.000 €,Istrien,Wohnung,2026-09-16,Entfernt/Verkauft
7535625,"Sveta Klara – novogradnja, trosoban stan s lođom i parkingom – 750 € (iznajmljivanje)750 €/mjesec","Sveta Klara – novogradnja, trosoban stan s lođom i parkingom – 750 € (iznajmljivanje)",Istrien,Wohnung,2026-09-12,Entfernt/Verkauft
7531597,TINNY HOUSE - NOVOGRADNJA155.000 €2.422 €/m2,155.000 €,Istrien,Wohnung,2026-09-11,Entfernt/Verkauft
7445225,TOP PRILIKA: Potpuno namješten 2s stan s garažnim mjestom u Dugom Selu- Odmah useljiv! Bez provizije238.000 €3.839 €/m2,238.000 €,Istrien,Wohnung,2026-09-19,Entfernt/Verkauft
7441371,"TROSOBNI STAN U G.DUBRAVI, OPOROVEC - 2 SPREMIŠTA+2 VPM, REN230.000 €3.688 €/m2",230.000 €,Istrien,Wohnung,2026-09-12,Entfernt/Verkauft
7531310,"TURANJ – STAN U NOVOGRADNJI, PREKRASAN POGLED255.000 €3.095 €/m2",255.000 €,Istrien,Wohnung,2026-09-24,Entfernt/Verkauft
7533714,Toplice Topusko - kuća sa 2 stana85.000 €531 €/m2,85.000 €,Istrien,Wohnung,2026-09-24,Entfernt/Verkauft
7100209,"Tri etaže mira, svjetla i ugode – stan koji vas voli natrag399.000 €336.600 €2.200 €/m2",399.000 €,Istrien,Wohnung,2026-09-12,Entfernt/Verkauft
7536718,"Trosoban stan – Zvonigradska ulica, Trešnjevka1.000 €/mjesec",1.000 €/mjesec,Istrien,Wohnung,2026-09-13,Entfernt/Verkauft
7540585,"Turnić, 33 m2, odličan prilaz149.000 €4.537 €/m2",149.000 €,Istrien,Wohnung,2026-09-16,Entfernt/Verkauft
7528444,UMAG - STAN S OKUĆNICOM U NOVOGRADNJI NA MIRNOJ LOKACIJI259.000 €3.700 €/m2,259.000 €,Istrien,Wohnung,2026-09-24,Entfernt/Verkauft
7555449,VODICE PREMIUM SMART HOME stanovi 85m2 - 138m2304.352 €3.200 €/m2,304.352 €,Istrien,Wohnung,2026-09-23,Entfernt/Verkauft
7551966,"Varaždin - Hraščica - Sračinec , zemljište za solarnu elektranu i kao građevinsko595.000 €35 €/m2",595.000 €,Istrien,Wohnung,2026-09-20,Entfernt/Verkauft
3663918,"Vaša vila 208m2 na okućnici od 9.704m2 gl cesta za Plitvice (29 km), na poklon 40.326m2 u blizini.80.000 €385 €/m2",80.000 €,Istrien,Wohnung,2026-09-18,Entfernt/Verkauft
7448710,"Velika Gorica, Centar, trosobni stan 73.88 m²240.000 €3.249 €/m2",240.000 €,Istrien,Wohnung,2026-09-26,Aktiv
7524425,Velika površina u zoni gradnje!!!20.000 €1 €/m2,20.000 €,Istrien,Wohnung,2026-09-11,Entfernt/Verkauft
7500995,"Velika površina, šuma, privatnost72.800 €1 €/m2",72.800 €,Istrien,Wohnung,2026-09-17,Entfernt/Verkauft
7507816,Vila sa bazenom novogradnja1.350.000 €3.553 €/m2,1.350.000 €,Istrien,Wohnung,2026-09-18,Entfernt/Verkauft
7542932,Višestambena kamena kuća s bazenom i pogledom na more- Supetar690.000 €1.725 €/m2,690.000 €,Istrien,Wohnung,2026-09-23,Entfernt/Verkauft
7408468,"Vlasnik iznajmljuje stan Rijeka (Škurinje) za studente, 78m2, 2-sobni600 €/mjesec",600 €/mjesec,Istrien,Wohnung,2026-09-24,Entfernt/Verkauft
7202265,"Voćnjak 1,36 ha – stabala oraha  Podravske Sesvete PRODAJA 16 000 eura21.000 €16.000 €1 €/m2",21.000 €,Istrien,Wohnung,2026-09-17,Entfernt/Verkauft
7511856,"ZABOK CENTAR – Novogradnja Kamgrad 47 m², 1. kat, garaža, spremište + kompletno namješten210.000 €4.468 €/m2",210.000 €,Istrien,Wohnung,2026-09-13,Entfernt/Verkauft
7472475,"ZAGREB, TREŠNJEVKA - Stan | 53,40 m² | III kat | Remiza (prodaja)225.000 €4.213 €/m2",225.000 €,Istrien,Wohnung,2026-09-25,Entfernt/Verkauft
7448706,"Zagreb, Kvatrić, uređen 88 m², dva balkona+lođa, lift405.000 €4.618 €/m2",405.000 €,Istrien,Wohnung,2026-09-26,Aktiv
7400134,Zakup /najam /prodaja velikog zemljišta blizu Rastoka (7km)i staze formule 1 (8km)2.500 €,2.500 €,Istrien,Wohnung,2026-09-11,Entfernt/Verkauft
7536456,"Započeta gradnja na kraju ulice, Glina13.900 €96 €/m2",13.900 €,Istrien,Wohnung,2026-09-24,Entfernt/Verkauft
7351814,"Zaprešić - Marles montažna kuća, 140m2, 4-sobna340.000 €305.000 €2.179 €/m2",340.000 €,Istrien,Wohnung,2026-09-25,Entfernt/Verkauft
7425357,"Zaprešić, kuća na prodaju 295m2 + okućnica 480m2244.900 €232.000 €786 €/m2",244.900 €,Istrien,Wohnung,2026-09-13,Entfernt/Verkauft
7465923,"Zemljište -  2144m2,Dugi otok,Sali,uvala Magrovica25.000 €21.000 €10 €/m2",25.000 €,Istrien,Wohnung,2026-09-17,Entfernt/Verkauft
4050720,Zemljište Mali Lošinj Nerezine21.808 €8 €/m2,21.808 €,Istrien,Wohnung,2026-09-23,Entfernt/Verkauft
7076246,"Zemljište, Ravna Gora (Kupjak), 6300m2182.000 €149.000 €24 €/m2",182.000 €,Istrien,Wohnung,2026-09-22,Entfernt/Verkauft
7501043,Zgodan stan nadomak centra129.000 €3.225 €/m2,129.000 €,Istrien,Wohnung,2026-09-15,Entfernt/Verkauft
7445486,"Zrinska brda ,oaza mira i prirode za obiteljski život bez buke i prometa145.000 €135.000 €971 €/m2",145.000 €,Istrien,Wohnung,2026-09-23,Entfernt/Verkauft
7553180,prodaja stana215.000 €7.167 €/m2,215.000 €,Istrien,Wohnung,2026-09-22,Entfernt/Verkauft
7537729,"prodajem 2-sobni stan, 42 m2, Mlinarska cesta210.000 €4.960 €/m2",210.000 €,Istrien,Wohnung,2026-09-14,Entfernt/Verkauft
7514285,"stan u Zadru, centar430 €400 €/mjesec",430 €,Istrien,Wohnung,2026-09-23,Entfernt/Verkauft
7520706,stan za studente/mlade zaposlene700 €/mjesec,700 €/mjesec,Istrien,Wohnung,2026-09-13,Entfernt/Verkauft
7569038,Čučerje – Keleminci | parcela 548 m² s postojećom kućom i projektom68.900 €1.044 €/m2,68.900 €,Istrien,Wohnung,2026-09-25,Entfernt/Verkauft
7502750,Šarmantna istarska kamena kuća s grijanim bazenom i pogledom na more445.000 €2.602 €/m2,445.000 €,Istrien,Wohnung,2026-09-26,Aktiv
7540894,Šimunčevec – 2.608 m² zemljišta s pogledom na Sljeme14 €,14 €,Istrien,Wohnung,2026-09-20,Entfernt/Verkauft
7535454,"Špansko, garsonjera, garaža, lift 35m2500 €/mjesec",500 €/mjesec,Istrien,Wohnung,2026-09-12,Entfernt/Verkauft
7501022,Život s prirodom- dvije kuće na odličnoj lokaciji83.000 €285 €/m2,83.000 €,Istrien,Wohnung,2026-09-15,Entfernt/Verkauft
7533864,Lijepi stan na južnoj strani Čiova255.000 €3.188 €/m2,255.000 €,Kvarner,Wohnung,2026-09-16,Entfernt/Verkauft
7542426,BUKOVAC MAKSIMIR - 3-sobni stan 85m2 s parkingom i dvorištem1.000 €/mjesec,1.000 €/mjesec,Split-Dalmatien,Haus,2026-09-17,Entfernt/Verkauft
7551135,STAN 2SOBNI 57M2 NEBODER PRVI DI BOLNICE REBRO IZNAJMLJIUJE VLASNIK750 €/mjesec,750 €/mjesec,Zadar,Haus,2026-09-19,Entfernt/Verkauft
